chrom	pos	strand	min coverage	mod_freq diff kmeans	mod_freq diff knn
ENST00000387347.2	1318	+	233	0.0007655724393921259	0.29993040250550973
ENST00000472174.7	232	+	73	-0.06612223393045302	0.3157270811380401
ENST00000387347.2	394	+	3144	-0.012495994722457882	0.38041277919140515
ENST00000361789.2	213	+	2257	-0.022774921280967475	0.28556337012876387
ENST00000265304.11	128	+	14	-0.2142857142857143	0.4285714285714286
ENST00000472174.7	92	+	72	0.10042735042735043	0.38995726495726496
ENST00000392219.7	289	+	129	0.05417547568710357	0.36301973220577866
ENST00000253788.11	72	+	937	0.00011600389773096242	0.3530214615211071
ENST00000318388.11	672	+	350	-0.05411299028427491	0.41499100395825833
ENST00000362079.2	66	+	7505	0.00971554496429422	0.3245147445368184
ENST00000361789.2	406	+	2536	-0.03142010103131215	0.31782540836044726
ENST00000387347.2	1320	+	229	0.0003460042475004199	0.34864103848998973
ENST00000222247.10	94	+	4810	0.014061298950344359	0.3137344974963855
ENST00000317881.9	975	+	1018	-0.01174055995517119	0.36727226081731584
ENST00000649813.2	59	+	1054	-0.005308945365560314	0.32089152953619315
ENST00000331825.11	443	+	259	0.008445266191745016	0.2852031105552232
ENST00000222247.10	299	+	4827	0.007232741441006191	0.32647224786460893
ENST00000547649.5	278	+	19	-0.1082706766917293	0.14436090225563913
ENST00000651669.1	284	+	1586	0.0032340421693844434	0.3390073288795964
ENST00000274065.9	233	+	61	-0.028812717337307503	0.33507203179334333
ENST00000229239.10	1140	+	1963	0.004758674511273764	0.34384172827709875
ENST00000274065.9	781	+	79	-0.0007534659433393615	0.3003315250150693
ENST00000647248.2	122	+	332	-0.013149944912392908	0.38284998400682374
ENST00000362079.2	68	+	7514	0.14757518008353732	0.3609263354087704
ENST00000343986.9	286	+	2299	0.015066418588550956	0.37459324829749946
ENST00000451311.7	119	+	110	-0.04939081537019685	0.25445173383317715
ENST00000619426.5	682	+	400	-0.0380440900562852	0.3942448405253283
ENST00000368738.4	365	+	4179	0.01715590440193282	0.31933166587707296
ENST00000255688.8	109	+	268	0.042063213345039485	0.1980333625987709
ENST00000361390.2	718	+	2344	-0.0006949831628015879	0.3597381697448766
ENST00000361381.2	45	+	1990	-0.00579612072929514	0.311022196478157
ENST00000229239.10	807	+	1962	-0.00173468919857922	0.3729313707854072
ENST00000270792.10	238	+	593	-0.003410155518081326	0.3448400058293257
ENST00000344795.8	146	+	11	-0.06293706293706294	0.16083916083916078
ENST00000451311.7	140	+	110	0.018369259606373006	0.25810684161199626
ENST00000387347.2	1116	+	869	-0.006071761270676268	0.3876572493209021
ENST00000392219.7	621	+	129	0.010698246517348894	0.33004376555393455
ENST00000314133.4	317	+	1701	-0.0013683506015009783	0.34971184978220293
ENST00000253788.11	227	+	936	0.028658747549302255	0.3462035008136957
ENST00000331817.6	762	+	706	-0.012317427614877974	0.33006757171063117
ENST00000361624.2	600	+	8451	-0.011348274857609364	0.37713160833751114
ENST00000311528.9	314	+	310	0.00479827477760808	0.3016982657920748
ENST00000361624.2	471	+	7198	0.0048937269698487995	0.3628991092195046
ENST00000619426.5	351	+	399	0.04177422919399815	0.37816868625597766
ENST00000343986.9	287	+	2299	0.014717378448934837	0.37622594845471163
ENST00000531188.6	514	+	3240	0.02385085043354354	0.32649501386324686
ENST00000387347.2	1322	+	219	-0.040174974099228725	0.2973792256628679
ENST00000215754.8	281	+	2286	0.0056080865831620585	0.337821729050786
ENST00000270142.10	125	+	234	0.0029137529137529122	0.37499999999999994
ENST00000619426.5	350	+	399	0.04541372192206594	0.4188849233778631
ENST00000598742.6	480	+	2299	0.0078616217354925	0.3319875502177335
ENST00000255688.8	186	+	268	-0.026457816922454858	0.17794420125520805
ENST00000361899.2	54	+	3349	-0.010312968005652401	0.26183305349175734
ENST00000598742.6	452	+	2314	-0.006022256548748439	0.3242784679611854
ENST00000312175.7	475	+	434	0.015486014360733047	0.3955095916836352
ENST00000619426.5	445	+	400	-0.043370786516853915	0.330880149812734
ENST00000361381.2	1101	+	6000	-0.0012813148557274112	0.3187032201914709
ENST00000233143.6	410	+	3198	0.027287777965284726	0.37048342603898166
ENST00000387347.2	598	+	2467	-0.008867532194194117	0.362228288406972
ENST00000361624.2	177	+	5980	-0.0035144129849812578	0.35917600443223585
ENST00000361381.2	342	+	3375	-0.0016351298630697397	0.3263254731160101
ENST00000229239.10	665	+	1963	-0.012711098556243083	0.33929989330125493
ENST00000290541.7	359	+	496	0.010610456847016003	0.37381236843602433
ENST00000387347.2	1315	+	255	0.00422092501122584	0.38712767549768
ENST00000321153.9	338	+	1106	-0.005941768755995835	0.32946412653133994
ENST00000367660.4	733	+	164	-0.021474019088016966	0.3325923811077576
ENST00000302182.8	650	+	1070	-0.001522791840637805	0.3245125565000806
ENST00000270625.7	384	+	56	-0.019088669950738914	0.4807060755336618
ENST00000379270.4	58	+	131	-0.03207775414007427	0.3604471697326158
ENST00000274065.9	509	+	68	-0.07710651828298887	0.2909379968203498
ENST00000531188.6	811	+	3234	0.01827547489852563	0.33242857996398056
ENST00000361390.2	816	+	2323	0.003046346621464968	0.3548636387637679
ENST00000368738.4	236	+	3986	-0.0003989054734800934	0.30555462584548354
ENST00000361789.2	568	+	2813	-0.01805634553857094	0.29059651617490223
ENST00000370321.8	954	+	1901	0.006202413994701297	0.32690192369487037
ENST00000361567.2	1670	+	1038	0.0024124478604247157	0.3688332380528912
ENST00000311111.11	68	+	2237	-0.013948140757780725	0.3943668630978526
ENST00000321153.9	212	+	1106	-0.0012359314747015793	0.37155322455157735
ENST00000290541.7	460	+	496	0.006851994083176827	0.3085388575979974
ENST00000361381.2	1256	+	5850	0.0006094234428432044	0.32388416519189733
ENST00000361390.2	811	+	2324	0.003023213024088367	0.3421098583674159
ENST00000361381.2	840	+	5551	-0.020428845078569957	0.33346652213292416
ENST00000367048.5	1012	+	91	-0.005898513251454407	0.3510827407886231
ENST00000361789.2	1056	+	3293	-0.0022923279408308406	0.29570210632787575
ENST00000361624.2	1307	+	14957	0.00614393935182031	0.3769889216643711
ENST00000300688.8	59	+	10	-0.03913043478260869	0.16956521739130434
ENST00000362079.2	67	+	7512	0.010242120153096224	0.34573368751490063
ENST00000451311.7	528	+	106	-0.01837657232704404	0.2650353773584906
ENST00000361381.2	1370	+	4218	0.0022721386577808644	0.333504678341804
ENST00000361390.2	477	+	2296	0.019158284574759488	0.3365921226597711
ENST00000468812.6	718	+	154	-0.0007215007215007202	0.36002886002886
ENST00000370321.8	487	+	1736	0.006391125626442923	0.36197616292693024
ENST00000472174.7	275	+	73	0.030031612223393123	0.3323234984193889
ENST00000321153.9	284	+	1106	0.003686594913389407	0.33702664142511596
ENST00000290541.7	172	+	469	0.020569651091629892	0.30877864529533067
ENST00000547649.5	289	+	19	0.05714285714285714	0.3308270676691729
ENST00000370321.8	807	+	1899	0.006178315071540652	0.35363841932004736
ENST00000501597.3	242	+	124	-0.1266801075268817	0.3130040322580645
ENST00000645674.2	332	+	1050	-0.042857142857142816	0.3352380952380952
ENST00000472174.7	361	+	73	0.03182917002417407	0.3244695138329305
ENST00000327892.13	556	+	1170	0.012170196952805634	0.31901244890375324
ENST00000361899.2	41	+	3268	-0.021413183239988642	0.24953265828418825
ENST00000495186.6	737	+	176	-0.060935441370224	0.37928194993412384
ENST00000229379.3	217	+	935	-0.016248034511954113	0.35748168293424915
ENST00000361624.2	1005	+	13060	0.0005202782668418671	0.3712391747285451
ENST00000586895.5	180	+	140	0.05225563909774433	0.3966165413533835
ENST00000361739.1	589	+	20016	0.00603504471078492	0.277359819461504
ENST00000586895.5	122	+	140	-0.03045112781954895	0.3676691729323308
ENST00000361227.2	30	+	2431	0.019214231714231755	0.24782483017777135
ENST00000274065.9	541	+	68	0.03656597774244835	0.4908585055643879
ENST00000274065.9	21	+	47	0.008897485493230176	0.34700193423597675
ENST00000233143.6	389	+	3202	0.013136755823038526	0.3868330754591393
ENST00000274065.9	813	+	79	-0.001506931886678723	0.4596142254370103
ENST00000362079.2	63	+	7495	0.014545897584123862	0.3049359812277802
ENST00000356708.12	482	+	248	0.02866004962779156	0.3378411910669975
ENST00000233143.6	142	+	3139	0.017582796992871103	0.37253189493236666
ENST00000274065.9	486	+	68	-0.017488076311605705	0.22217806041335458
ENST00000619426.5	630	+	399	0.010479027758074438	0.3092779117605335
ENST00000225430.9	146	+	28	-0.03571428571428571	0.23571428571428577
ENST00000317881.9	1154	+	1103	-0.022765948707115347	0.3552711492927497
ENST00000339276.6	1124	+	566	-0.006271410460442911	0.3425188142313813
ENST00000255688.8	497	+	267	-0.021489314827054407	0.2048380700594845
ENST00000370321.8	614	+	1778	0.00869297719540521	0.37400173579299134
ENST00000373586.1	249	+	286	0.0430431637328189	0.4001687967205209
ENST00000370321.8	122	+	1191	0.014638030420461162	0.3508010802170122
ENST00000312175.7	179	+	435	0.027692776128492046	0.3419121565045292
ENST00000602676.6	477	+	255	0.03506787330316741	0.3992081447963801
ENST00000586895.5	61	+	96	0.03494623655913978	0.42909946236559143
ENST00000370321.8	816	+	1899	0.007071551872220956	0.3635620211031418
ENST00000260379.11	89	+	35	-0.07306791569086651	0.36299765807962536
ENST00000472174.7	821	+	73	0.008693361433087465	0.33377239199157005
ENST00000531188.6	501	+	3240	0.031072642531161987	0.3302305357587949
ENST00000311528.9	102	+	310	0.02001078263994971	0.29099649564201635
ENST00000337554.8	190	+	382	0.007732742972856699	0.39396594235591603
ENST00000361381.2	419	+	3815	-0.021920284374222193	0.3336523749418614
ENST00000362079.2	384	+	9684	0.006166980379816861	0.3158669993154223
ENST00000260379.11	446	+	39	0.11233211233211232	0.2869352869352869
ENST00000248342.9	401	+	509	0.028919718111535042	0.30190138373888886
ENST00000649813.2	91	+	1062	-0.004251617129288565	0.33895336936051745
ENST00000368738.4	431	+	4234	-0.011051594302636913	0.3231522820685986
ENST00000274065.9	759	+	79	-0.0007534659433393615	0.4208860759493671
ENST00000339276.6	950	+	530	-4.4429963567429315e-05	0.3724149166197684
ENST00000649813.2	364	+	1063	0.01159965642766575	0.343548815902491
ENST00000361381.2	1318	+	5754	0.0005585913407530896	0.3396337582451979
ENST00000651669.1	218	+	1588	-0.015938562411664636	0.35708941054339305
ENST00000248553.7	552	+	1204	0.01230600461365583	0.3394803004822535
ENST00000343986.9	277	+	2299	0.003016107617926256	0.357559360735793
ENST00000229239.10	248	+	1961	0.00718996238679126	0.36174440991173074
ENST00000361624.2	1183	+	13780	-0.0014432474482165003	0.3775819546289804
ENST00000361624.2	952	+	12864	-0.01627040776141908	0.3760066809281898
ENST00000361390.2	185	+	1980	-0.034079337852922775	0.3493792371150862
ENST00000339276.6	423	+	402	0.03358208955223879	0.35261194029850745
ENST00000302182.8	821	+	1065	-0.007343924074432656	0.32669994864584995
ENST00000370321.8	132	+	1213	-0.0025060670404343788	0.37485418323766856
ENST00000253788.11	312	+	933	0.03178388796342929	0.38244537636074843
ENST00000361624.2	444	+	7108	0.011384840064370655	0.38015554245779415
ENST00000317881.9	568	+	881	-0.005422087972908329	0.332968264838041
ENST00000312175.7	181	+	435	0.05231788079470201	0.37401233158255304
ENST00000361227.2	100	+	2860	-0.027338866321670152	0.2752966066285798
ENST00000356455.9	343	+	267	0.05826206048409632	0.394460282855386
ENST00000314133.4	68	+	1651	0.012420527360661016	0.33418804878657643
ENST00000361390.2	737	+	2342	0.007170896107227875	0.2908970385130363
ENST00000361624.2	1309	+	14959	0.005610273665995952	0.37606137987170757
ENST00000321153.9	204	+	1106	0.014648861904267257	0.3514433686870507
ENST00000248553.7	281	+	1164	0.004097370239873166	0.3153863441935998
ENST00000361381.2	841	+	5556	-0.0031553300244301363	0.3297096206368759
ENST00000362079.2	69	+	7525	-0.15277307413866634	0.3781386902026638
ENST00000649813.2	365	+	1063	-0.021947042523418614	0.3396535151607589
ENST00000388835.4	429	+	594	0.018891073799559656	0.29702740102074543
ENST00000362079.2	708	+	10243	-0.001737042947217382	0.30821253013307237
ENST00000368738.4	428	+	4234	0.011712517330227712	0.295243671470658
ENST00000361390.2	150	+	1936	0.00938878408744137	0.3145497229626977
ENST00000586895.5	342	+	140	0.04100529100529099	0.3952380952380952
ENST00000379341.9	502	+	241	0.003521043272080693	0.30234736218138714
ENST00000370321.8	888	+	1904	0.0015808767317130323	0.35705591548071247
ENST00000370321.8	142	+	1247	-0.013520329318797042	0.3683547003330682
ENST00000370321.8	638	+	1785	0.002532212885154067	0.349624649859944
ENST00000361390.2	226	+	2019	0.028520119159049395	0.3358020103933923
ENST00000361624.2	992	+	13032	0.011109541779678905	0.37023493910586425
ENST00000314133.4	30	+	1440	0.015226337448559672	0.34717078189300415
ENST00000361453.3	734	+	2025	-0.009288823827702686	0.300708082576678
ENST00000254301.14	595	+	216	0.013949013949013933	0.3855820105820106
ENST00000370321.8	175	+	1342	-0.024668455042225534	0.3507803278688525
ENST00000370321.8	380	+	1687	0.0021191343361599696	0.34515343131642373
ENST00000215754.8	515	+	2267	0.0022815292203834936	0.32428306802630014
ENST00000361390.2	584	+	2366	0.010436811207794272	0.3200012708511044
ENST00000361381.2	1134	+	5993	0.009133597059438725	0.3378761585944059
ENST00000361390.2	275	+	2082	-0.005409953547591773	0.32602924303721004
ENST00000451311.7	570	+	105	0.00244328097731239	0.2800797806033408
ENST00000368738.4	159	+	3778	-0.011583071300554248	0.31181626984380084
ENST00000331817.6	1215	+	940	0.023133638491702573	0.3458222129448777
ENST00000331817.6	1046	+	817	-0.02770857340075017	0.349567077115155
ENST00000368738.4	389	+	4200	-0.019279867472227652	0.33202851945689604
ENST00000451311.7	475	+	106	0.06112421383647799	0.32389937106918243
ENST00000361624.2	797	+	10827	0.0006011531230740719	0.3814067899821258
ENST00000468812.6	424	+	152	-0.06676931690929455	0.37066069428891374
ENST00000547649.5	291	+	19	0.05714285714285714	0.24962406015037597
ENST00000361789.2	449	+	2575	-0.010975403938567607	0.2847628776237131
ENST00000361899.2	463	+	4129	0.009205520838632991	0.25541507693436416
ENST00000368738.4	413	+	4219	0.01798967543919558	0.32015191968536194
ENST00000361789.2	828	+	3294	-0.0010434907556614026	0.2983553042803059
ENST00000233143.6	334	+	3215	0.006015595652670985	0.39244362137079875
ENST00000387347.2	1273	+	372	-0.03574959831912	0.35690891113582995
ENST00000229239.10	204	+	1963	-0.0020260755536358754	0.3693784371396236
ENST00000361381.2	1024	+	5944	-0.003475648009667598	0.3251132579505108
ENST00000222247.10	470	+	4828	-0.005519254851983679	0.3241252085919266
ENST00000472174.7	576	+	73	-0.04418479720655383	0.2774644104217029
ENST00000317881.9	172	+	800	0.012523584905660301	0.36462264150943396
ENST00000248553.7	592	+	1204	-0.02713025757423221	0.3332822333879416
ENST00000248553.7	688	+	1203	0.020154400010098994	0.3019579445312168
ENST00000302182.8	117	+	1072	-0.017402976222092387	0.33477297675324447
ENST00000233143.6	105	+	3099	0.015947157693398828	0.35732294502953393
ENST00000361624.2	1137	+	13586	-0.009034212470982517	0.3664924277271021
ENST00000331817.6	1060	+	828	-0.0025151797190089975	0.3172672073749059
ENST00000370321.8	239	+	1520	-0.02278812819704723	0.3512124536352397
ENST00000651669.1	305	+	1583	0.0016579608157461546	0.34618436931827185
ENST00000356708.12	480	+	248	0.02295285359801491	0.3345533498759305
ENST00000222247.10	46	+	4736	0.0063312434876570955	0.32268277171745763
ENST00000451311.7	432	+	108	-0.03182870370370372	0.2719907407407407
ENST00000368738.4	150	+	3767	0.0014581235557770134	0.3299646655688414
ENST00000274065.9	487	+	68	0.008346581875993686	0.46263910969793326
ENST00000370634.8	959	+	286	-0.027119084469649835	0.22098579933798024
ENST00000361789.2	243	+	2289	0.006530226546298312	0.29019860137184184
ENST00000263774.9	758	+	186	0.02114087843994894	0.192090395480226
ENST00000321153.9	34	+	1002	-0.015850798403193617	0.34197604790419156
ENST00000361739.1	328	+	18550	0.006873121183276765	0.2629310944712834
ENST00000370179.8	416	+	744	0.026945259042033265	0.25444281524926693
ENST00000302182.8	837	+	1062	0.010682201137152014	0.3360354211157065
ENST00000370321.8	379	+	1687	-0.006988959812634921	0.3342852597978399
ENST00000302182.8	770	+	1067	0.00403155823840895	0.3414535556204994
ENST00000263774.9	757	+	186	0.032895935848368876	0.31119008565700745
ENST00000331825.11	402	+	256	0.009361720963172782	0.25940598441926344
ENST00000317881.9	566	+	881	0.04781146518325344	0.3872735715424808
ENST00000361624.2	1459	+	14683	-0.0021642792908972974	0.3677701614152632
ENST00000361390.2	478	+	2297	0.0059628542719888655	0.32272423425432195
ENST00000274065.9	22	+	48	0.02689393939393936	0.24053030303030304
ENST00000619426.5	352	+	399	0.024851058227181463	0.3431373932015781
ENST00000361789.2	1041	+	3296	-0.004486783019064022	0.2695035792741661
ENST00000317881.9	1129	+	1104	-0.025767409405692013	0.37123740204837147
ENST00000361390.2	229	+	2020	-0.03687178100232827	0.33006102866818743
ENST00000312175.7	182	+	435	0.052127578594808543	0.3408160158331431
ENST00000368738.4	475	+	4232	-0.004373088066358735	0.322689649220835
ENST00000361624.2	556	+	8248	0.017326096937333224	0.3773575960819055
ENST00000215754.8	344	+	2287	0.020559278811523973	0.33743421957434727
ENST00000361381.2	716	+	5005	0.003105267791736477	0.3202843117034536
ENST00000260379.11	419	+	40	-0.04230769230769227	0.31153846153846154
ENST00000229239.10	485	+	1964	-0.00835016465113396	0.3589662331369914
ENST00000362079.2	64	+	7501	0.02164013852210217	0.320640166464481
ENST00000314133.4	446	+	1677	0.021135939120701885	0.36779430984474076
ENST00000388835.4	557	+	594	-0.016314865152074476	0.39235656677517144
ENST00000222247.10	438	+	4828	0.003451786037610205	0.3152002332175813
ENST00000388835.4	751	+	593	0.046601267276587865	0.3618153092838375
ENST00000370321.8	502	+	1736	0.0006774773208126916	0.3460659218039011
ENST00000507754.9	120	+	11	0.15656565656565663	0.398989898989899
ENST00000229239.10	1047	+	1962	-0.0006559870703997661	0.3399412675022315
ENST00000229239.10	179	+	1963	0.008491521069266317	0.38075006352396623
ENST00000387347.2	754	+	2050	-0.0044381998838960435	0.3567532959220589
ENST00000311528.9	142	+	310	0.07217180339653156	0.23073052385659087
ENST00000270625.7	64	+	51	-0.09103641456582634	0.3403361344537815
ENST00000314133.4	305	+	1701	-0.011056491240347521	0.39651916819967103
ENST00000230050.4	378	+	39	-0.11761426978818285	0.4197324414715719
ENST00000586895.5	51	+	73	-0.030354919053549173	0.21108343711083433
ENST00000361899.2	225	+	3877	-0.002032031001634689	0.26675067266855546
ENST00000222247.10	170	+	4824	-0.016836641342362846	0.32553500942231917
ENST00000311672.10	193	+	404	-0.03501729691041394	0.3696528689013479
ENST00000586895.5	327	+	140	-0.014550264550264536	0.36005291005291007
ENST00000370321.8	497	+	1736	0.015030416921122502	0.34492874630095083
ENST00000215754.8	507	+	2272	-0.00940876994034573	0.3540346442661381
ENST00000651669.1	37	+	1588	-0.010784987225941345	0.3797981294647468
ENST00000260379.11	355	+	42	-0.06776556776556775	0.24395604395604398
ENST00000270625.7	266	+	56	-0.09883720930232553	0.25415282392026584
ENST00000361390.2	928	+	2242	-0.0067240657105900326	0.33600975453619664
ENST00000314133.4	424	+	1685	-0.008947106129253424	0.3657461023372063
ENST00000270625.7	52	+	51	0.12464985994397759	0.3438375350140056
ENST00000361390.2	149	+	1935	0.006452849476105305	0.3220717267228894
ENST00000222247.10	68	+	4803	0.007461483324185447	0.326648667400405
ENST00000361624.2	964	+	12900	0.01121180902376473	0.3731431171262571
ENST00000361390.2	282	+	2089	-0.006682722648375654	0.3367144481197992
ENST00000331825.11	643	+	268	0.0038822062195759677	0.24708331657078486
ENST00000368738.4	522	+	4174	0.007376964129339303	0.32023746344364945
ENST00000361381.2	646	+	4802	0.0029217616003011093	0.34165781511417337
ENST00000361789.2	962	+	3330	0.004766257647999539	0.28304638778525215
ENST00000270625.7	284	+	56	-0.03654485049833887	0.28529900332225916
ENST00000361789.2	324	+	2418	0.016695847136325215	0.2897410705663531
ENST00000373586.1	284	+	286	-0.04099443863223391	0.4124038690967825
ENST00000370321.8	111	+	1155	0.0044795783926218635	0.35413137587050636
ENST00000361381.2	1118	+	5996	-0.015555837278421303	0.34654347038912514
ENST00000361899.2	132	+	3548	0.003007599976582509	0.2442799633725241
ENST00000255688.8	463	+	268	-0.022010535557506594	0.21746268656716417
ENST00000215754.8	352	+	2288	-0.0037516036206608344	0.3203604413314325
ENST00000215754.8	97	+	2290	0.007294593314227549	0.3239328045628732
ENST00000361739.1	621	+	19989	0.007493803412068553	0.27557931483109055
ENST00000274065.9	707	+	79	-0.08011732016054339	0.4035196048163013
ENST00000361739.1	537	+	20025	0.0031844467576352675	0.2743803531816793
ENST00000361381.2	1149	+	5994	-0.018335401209218838	0.3381829874417249
ENST00000361390.2	636	+	2372	-0.012613395378561432	0.35358584039259144
ENST00000361453.3	404	+	1736	0.009462750647375368	0.2953167910534994
ENST00000361381.2	583	+	4124	-0.00887468813272746	0.32929247907952897
ENST00000361899.2	533	+	4130	-0.0018321185256816863	0.27194062251155515
ENST00000368738.4	543	+	3945	-0.023161768781385428	0.33263772646483913
ENST00000253788.11	177	+	938	0.018910054567598936	0.348091412715817
ENST00000230050.4	339	+	39	-0.027870680044593144	0.3762541806020067
ENST00000229379.3	300	+	942	-0.011859058255533239	0.3670869324957101
ENST00000598742.6	124	+	2322	0.012765936312926851	0.3323159180789156
ENST00000361899.2	391	+	4084	-0.0033371009018723363	0.26138469864377734
ENST00000370321.8	887	+	1904	0.0029878701391366363	0.34650243436654005
ENST00000215754.8	510	+	2272	0.0012556048254878521	0.32816014930950077
ENST00000387347.2	1234	+	503	0.019449775336420783	0.3877687631436813
ENST00000270625.7	464	+	56	-0.059113300492610876	0.24343185550082103
ENST00000229239.10	989	+	1961	-0.019869114985383435	0.3538964847384602
ENST00000361899.2	534	+	4131	0.0026310022354549545	0.26124591509496675
ENST00000361381.2	808	+	5426	-0.004796944751607496	0.3379534340828112
ENST00000651669.1	60	+	1588	-0.03727062097131606	0.35166785411746226
ENST00000361624.2	645	+	8661	0.003493917740996444	0.35756929748439764
ENST00000361390.2	241	+	2037	-0.004162660207646135	0.3124013599646215
ENST00000215754.8	210	+	2290	-0.04036674656072492	0.2981737719220071
ENST00000230050.4	454	+	39	-0.08528428093645479	0.36008918617614266
ENST00000361390.2	735	+	2344	-0.012532489854045537	0.3170018836223075
ENST00000301788.12	602	+	127	-0.04170120182345627	0.3957728968089515
ENST00000361899.2	36	+	3243	0.011254659055069172	0.2642021599021701
ENST00000215754.8	235	+	2287	-0.010802311857474933	0.3224930572417677
ENST00000361390.2	576	+	2367	0.004272911602415663	0.3359866477130453
ENST00000222247.10	527	+	4817	0.022099129536606865	0.30697585821919593
ENST00000274065.9	288	+	65	0.05306577480490515	0.32463768115942027
ENST00000503064.5	629	+	543	-0.0031701179480692065	0.40467153079442736
ENST00000361739.1	323	+	18500	0.0038230607006315143	0.27398316703563663
ENST00000388835.4	1088	+	597	0.01751180143139941	0.3794620485346844
ENST00000372967.3	394	+	919	0.010748923688319062	0.36487793915882105
ENST00000229239.10	568	+	1962	-0.002251501265477074	0.3556657489179139
ENST00000451311.7	451	+	107	-0.05860591900311529	0.2852901090342679
ENST00000361381.2	425	+	3825	-0.0016185324704595105	0.32932893847194056
ENST00000361390.2	476	+	2294	-0.00482384331332919	0.34201232202993737
ENST00000361453.3	202	+	1257	0.02803889388679326	0.29487917539131636
ENST00000388835.4	1171	+	601	0.02041701674327162	0.4018467570550733
ENST00000361381.2	1257	+	5848	0.008777787633060585	0.33103330933951036
ENST00000361789.2	246	+	2290	-0.001395148242249622	0.28752974453572844
ENST00000361789.2	778	+	3256	0.016410650399942828	0.2792908040701414
ENST00000361390.2	771	+	2330	0.0346130459675737	0.34817962727075025
ENST00000314133.4	299	+	1701	0.003810734827103701	0.3645612083771645
ENST00000302182.8	771	+	1067	0.003579190642709104	0.33660292090621324
ENST00000229239.10	723	+	1963	0.010429978829804676	0.32721577558535325
ENST00000491306.6	74	+	83	0.014405447878470402	0.3318491356731273
ENST00000649813.2	83	+	1062	-0.037105952673380904	0.32885449930402033
ENST00000370321.8	559	+	1755	-0.006592838024735648	0.34664769542534385
ENST00000215754.8	441	+	2285	0.001584193201539269	0.33777163661057874
ENST00000602676.6	766	+	255	-0.031070889894419307	0.3664027149321267
ENST00000598742.6	331	+	2317	-0.003465190398725143	0.3516624614056639
ENST00000274065.9	690	+	79	0.024841772151898735	0.39556962025316456
ENST00000215754.8	457	+	2281	-0.01578857809326073	0.324397016960689
ENST00000368738.4	555	+	3237	-0.011521034258960117	0.32645423191324374
ENST00000222247.10	533	+	4815	0.003946830475115647	0.32956721550488677
ENST00000229239.10	995	+	1961	-0.008706264725269697	0.37013972392473016
ENST00000361789.2	814	+	3287	0.0004291861233953753	0.26823163441410813
ENST00000361624.2	320	+	6911	0.004740013918180491	0.3684926107427848
ENST00000422514.7	235	+	1955	-0.0029891676950500323	0.39852151258800883
ENST00000274065.9	308	+	65	0.014529914529914478	0.4145299145299145
ENST00000222247.10	560	+	4803	0.0035828770902502916	0.30818884309854344
ENST00000229239.10	775	+	1962	-0.0007142630392685811	0.34230835705392065
ENST00000370321.8	776	+	1900	-0.020647340275823267	0.36033774275260344
ENST00000387347.2	1181	+	612	0.01110719736996596	0.37799499041133416
ENST00000314133.4	423	+	1685	0.00019571673668891676	0.3560861204214232
ENST00000396651.8	639	+	1794	0.013452248234856929	0.36648086213303604
ENST00000361739.1	308	+	18319	-0.0067511329667502284	0.26683929086736147
ENST00000361381.2	870	+	5648	0.00835998044808095	0.3290504316712196
ENST00000230050.4	84	+	12	-0.17156862745098045	0.7156862745098039
ENST00000215754.8	208	+	2290	-0.020359895665425953	0.3427238357609683
ENST00000649813.2	323	+	1064	-0.022081105806340928	0.34931315932416596
ENST00000451311.7	482	+	106	-0.046481918238993725	0.40133647798742134
ENST00000370321.8	124	+	1195	-0.0005054953854778388	0.38793817941582753
ENST00000229239.10	976	+	1962	0.0069171399446628645	0.3511304900335711
ENST00000649813.2	139	+	1062	0.025287893652858634	0.3270234056796525
ENST00000248553.7	453	+	1203	-0.020375276291397904	0.3450345264245436
ENST00000361739.1	434	+	19656	0.004944031575250037	0.28374075922742115
ENST00000388835.4	1110	+	599	0.013852288249010053	0.3852177872211261
ENST00000361227.2	102	+	2864	0.005434393353387745	0.2621734643382688
ENST00000651669.1	266	+	1587	-0.0032839960003298585	0.3442443389835851
ENST00000361899.2	85	+	3442	0.0004045850924597749	0.2508017530248019
ENST00000387347.2	1321	+	226	-0.06558505408062928	0.40083579154375615
ENST00000388835.4	293	+	594	0.005386086781435619	0.36101882613510516
ENST00000361390.2	119	+	1896	-0.0019306341639072078	0.33997459743391023
ENST00000430157.6	540	+	812	0.03024162064706637	0.3289100097954316
ENST00000270625.7	172	+	53	0.01442841287458374	0.4932297447280799
ENST00000314133.4	318	+	1701	-0.0024083863960042695	0.35121916961417926
ENST00000361381.2	570	+	4089	0.008027079303675078	0.3272900830423373
ENST00000361624.2	92	+	5823	-0.00444653017257135	0.3691423779232064
ENST00000321153.9	200	+	1106	-0.013410810478494156	0.3444475301510041
ENST00000361567.2	1519	+	923	0.013449774013154281	0.353283649058297
ENST00000222247.10	91	+	4807	-0.005475328905377663	0.3223988162692374
ENST00000233143.6	249	+	3205	-0.0181187159380648	0.3897507794584911
ENST00000274065.9	638	+	74	-0.01628551628551622	0.3551628551628552
ENST00000361390.2	535	+	2355	0.010785562632696477	0.33987261146496817
ENST00000598742.6	442	+	2313	-0.028253171974431224	0.35855655958238203
ENST00000222247.10	166	+	4824	0.006080715667300132	0.3271411139608661
ENST00000361390.2	877	+	2289	0.0106207186601735	0.3472926906930195
ENST00000361390.2	183	+	1973	-0.0012886364601191191	0.3549127572270686
ENST00000362079.2	96	+	7757	-0.0068692571693038385	0.3125974631279945
ENST00000361789.2	247	+	2290	0.006428032597031397	0.28350935163640356
ENST00000229239.10	1034	+	1962	0.001672714212525045	0.3414703194899991
ENST00000388835.4	545	+	594	0.0001006745192791425	0.4130731456312852
ENST00000339276.6	1240	+	564	0.01029953337923046	0.29443825197521556
ENST00000651669.1	277	+	1586	-0.019145967790102636	0.37498689944521263
ENST00000370321.8	125	+	1196	-0.019308687261001434	0.39030340082233483
ENST00000361624.2	1225	+	13915	0.002987308547807696	0.3662881820839729
ENST00000361567.2	701	+	549	0.02141670677727757	0.34550808346782186
ENST00000598742.6	115	+	2322	0.012498808967346897	0.3363840319582137
ENST00000343986.9	185	+	2296	-0.005213711075031463	0.35195058102413485
ENST00000229379.3	432	+	941	-0.05546924928149116	0.3429699340103933
ENST00000248553.7	76	+	1103	-0.049779465865754435	0.2997388463711269
ENST00000361899.2	424	+	4110	0.01438320638621865	0.2626990211689417
ENST00000215754.8	533	+	2260	-0.008641027926823086	0.36315820541670985
ENST00000314133.4	40	+	1481	-0.03716230196338473	0.3458745168412918
ENST00000361381.2	584	+	4125	0.008093916868731066	0.3248253766347339
ENST00000260379.11	130	+	39	-0.1873449131513648	0.293631100082713
ENST00000317881.9	850	+	952	-0.030521642619311895	0.3999788594683157
ENST00000619426.5	59	+	305	-0.011320604929940803	0.39701504386139014
ENST00000222247.10	133	+	4814	0.009093218453840923	0.3247263719516653
ENST00000313468.10	425	+	437	-0.020500572082379875	0.34181922196796344
ENST00000302182.8	839	+	1062	-0.014872183025617491	0.3276622153740798
ENST00000339276.6	1016	+	546	0.012361219791560352	0.45895281189398834
ENST00000370179.8	709	+	769	-0.04310669685466212	0.3135662195095583
ENST00000361899.2	493	+	4137	-0.01746887406054451	0.27722252756630084
ENST00000361390.2	637	+	2372	-0.001738168737720286	0.3377408989219328
ENST00000302182.8	133	+	1072	0.002155592146031407	0.341216515288327
ENST00000368738.4	43	+	3660	0.029986792974166454	0.3315910705971722
ENST00000311111.11	100	+	2238	-0.0011444047964552784	0.38029006908683727
ENST00000248553.7	755	+	1199	-0.0038703705921369347	0.2959417702184274
ENST00000361390.2	616	+	2377	0.010926657613825747	0.3364165380134668
ENST00000222247.10	377	+	4827	-0.009481422548517693	0.30772864729617855
ENST00000222247.10	591	+	4787	0.013522029001501706	0.32124912794478766
ENST00000370321.8	831	+	1902	0.0075704156053014865	0.35480524300342453
ENST00000331817.6	334	+	590	-0.003881355932203401	0.32379661016949146
ENST00000370321.8	315	+	1666	-0.01786020530661242	0.3195237278584903
ENST00000270625.7	280	+	56	-0.013704318936877069	0.35423588039867104
ENST00000370321.8	346	+	1677	0.01869464987182559	0.3445521888005705
ENST00000311111.11	273	+	2238	0.0008992172175067425	0.38221107316476255
ENST00000314133.4	12	+	945	0.009090530350372869	0.3833895763029621
ENST00000233143.6	273	+	3211	0.02293771456372745	0.3823994477256758
ENST00000619426.5	322	+	397	0.06723357512168338	0.39024829075206907
ENST00000361624.2	628	+	8553	-0.006230993249809413	0.3725802936498347
ENST00000468812.6	87	+	149	0.06573553419191003	0.40253945220388176
ENST00000361381.2	420	+	3817	-0.021191565481698038	0.3376875572754132
ENST00000274065.9	479	+	68	-0.021860095389507145	0.37559618441971376
ENST00000361899.2	182	+	3724	-0.007201310300217811	0.2505533763374498
ENST00000451311.7	545	+	105	0.048958333333333354	0.27767857142857144
ENST00000215754.8	353	+	2288	-0.0037529638550595074	0.32179433945957314
ENST00000361899.2	366	+	4059	0.0002433503191392461	0.2651919962103233
ENST00000274065.9	24	+	48	-0.1011904761904762	0.2738095238095238
ENST00000361390.2	635	+	2373	-0.016753676935612027	0.3255254163940573
ENST00000361739.1	665	+	19786	-0.0019947652529865856	0.2717040421908907
ENST00000451311.7	220	+	110	-0.08586905322656618	0.29773904851625055
ENST00000361624.2	1109	+	13502	0.007485769015238786	0.3765580605840009
ENST00000361227.2	224	+	2962	-0.026086104744605376	0.2531047731357762
ENST00000274065.9	845	+	79	-0.030975428145941897	0.34236783320923303
ENST00000468812.6	355	+	151	0.0358541622160507	0.3727123833938617
ENST00000361739.1	347	+	18700	0.011981496217711746	0.27031979728148736
ENST00000361381.2	612	+	4392	-0.010912810203569573	0.3296078354776074
ENST00000370321.8	181	+	1359	0.002992292767602739	0.37959149104138157
ENST00000387347.2	1339	+	149	0.0210386025036889	0.32669332190965783
ENST00000651669.1	332	+	1542	-0.016222923496430647	0.38476855247751846
ENST00000361624.2	1144	+	13625	0.004064226528977977	0.3776460966976792
ENST00000314138.11	455	+	33	0.03729603729603728	0.21678321678321683
ENST00000361390.2	694	+	2349	-0.004312881431600385	0.31142045678946884
ENST00000331817.6	1127	+	882	-0.017191604982668585	0.31483812320816734
ENST00000361624.2	1510	+	14114	-0.006612668243610731	0.379719346244846
ENST00000586895.5	396	+	140	-0.01878306878306879	0.37910052910052905
ENST00000370321.8	504	+	1738	0.0003236196221966872	0.3404546222916066
ENST00000361899.2	283	+	3981	0.007293009663289829	0.24927218441245902
ENST00000361381.2	910	+	5794	3.213297247084412e-05	0.3264858295371623
ENST00000370179.8	336	+	714	0.015987691834838724	0.2581955475457016
ENST00000368738.4	473	+	4233	0.0026778025187152443	0.3203303356423881
ENST00000274065.9	790	+	79	-0.001657625075346586	0.24819168173598555
ENST00000270625.7	403	+	56	-0.07635467980295566	0.44622331691297207
ENST00000361789.2	277	+	2318	0.007692432868873222	0.28044029072497056
ENST00000361381.2	1119	+	5995	-0.018319133347771355	0.3317903040747584
ENST00000388835.4	619	+	593	0.013868891217022516	0.4025395953902954
ENST00000361624.2	1218	+	13906	-0.006482110391539647	0.3809733612382248
ENST00000314133.4	248	+	1693	-0.0013241858683624708	0.3570063142125697
ENST00000270625.7	493	+	56	-0.12294745484400649	0.36843185550082097
ENST00000387347.2	1197	+	585	-0.050422028504220284	0.3713701823290864
ENST00000321153.9	182	+	1104	0.009278300039169601	0.36036036036036034
ENST00000388835.4	294	+	594	-0.004010201684620296	0.3530711321408995
ENST00000361624.2	1160	+	13689	-0.004178865911556282	0.37872358293175673
ENST00000361390.2	110	+	1885	-0.0065334541465973395	0.34978695973201823
ENST00000233143.6	198	+	3171	0.025907601339417247	0.3816322810793921
ENST00000531188.6	635	+	3240	0.014689747814636153	0.3183713938463506
ENST00000229239.10	486	+	1964	0.004264168589239836	0.34944773558915243
ENST00000361739.1	439	+	19688	0.009263983403398068	0.27010167265063845
ENST00000361789.2	1005	+	3327	0.0002443764342896504	0.27560881621217803
ENST00000265462.9	253	+	313	0.007277592642378844	0.35885909355207796
ENST00000361381.2	1279	+	5826	-0.0013707912665003943	0.32723628813016803
ENST00000274065.9	327	+	65	0.09694415173867221	0.2695468914646996
ENST00000302182.8	16	+	659	0.04056698764766781	0.37011898515167413
ENST00000370321.8	178	+	1354	0.007274096397318575	0.3517167336668093
ENST00000361899.2	135	+	3574	0.00029302609619907827	0.25077514752954955
ENST00000314133.4	176	+	1677	-0.008769804911386236	0.3464680450663384
ENST00000233143.6	160	+	3143	0.027630873044954707	0.35635342398522046
ENST00000361624.2	820	+	11292	0.01939565775275226	0.37388290598226953
ENST00000361789.2	150	+	2192	0.017192926198319858	0.2756231909468134
ENST00000361390.2	160	+	1943	0.016183920579749655	0.3583784744988645
ENST00000361789.2	618	+	2967	0.03555078304379444	0.29320576152194544
ENST00000361789.2	925	+	3324	-0.0015091366145492113	0.27884784870948254
ENST00000361789.2	905	+	3325	-0.0007046529584180394	0.2882696272085997
ENST00000248553.7	455	+	1203	0.010255449064476008	0.31311501265168884
ENST00000361624.2	1224	+	13915	0.0017500148452282982	0.3795139611955621
ENST00000260379.11	420	+	40	-0.07307692307692307	0.2826923076923077
ENST00000300688.8	367	+	13	-0.09935897435897434	0.49679487179487175
ENST00000274065.9	688	+	79	-0.0006329113924050597	0.40838607594936716
ENST00000248553.7	754	+	1199	0.003870370592136907	0.3109604614931155
ENST00000222247.10	483	+	4827	-0.0013337486880996563	0.3291235366803448
ENST00000361624.2	1143	+	13621	0.00043663175537274335	0.37302727885342507
ENST00000270625.7	264	+	56	0.01453488372093023	0.3970099667774087
ENST00000215754.8	77	+	2290	0.0035922103482776135	0.340248566974795
ENST00000314133.4	450	+	1677	0.015669515669515632	0.3642085735108991
ENST00000229239.10	151	+	1963	0.009692450021102694	0.3290872496651398
ENST00000362079.2	737	+	10209	-0.0013154850851251343	0.30867882531683566
ENST00000370321.8	501	+	1736	5.4343100599957284e-05	0.38579978552589633
ENST00000392219.7	423	+	129	-0.0894476386624331	0.272833891129609
ENST00000368738.4	433	+	4232	0.004535640725871322	0.3182987202286335
ENST00000233143.6	161	+	3143	0.028283938247040327	0.3611983037406034
ENST00000314133.4	197	+	1683	0.02723383154739023	0.3449585807280906
ENST00000361899.2	492	+	4136	0.01327536732957535	0.2646888015066009
ENST00000264258.8	90	+	111	-0.018711018711018712	0.3163548163548164
ENST00000361789.2	893	+	3321	0.017010179288456384	0.2614097678159011
ENST00000362079.2	81	+	7574	0.006609074351817068	0.3222973557997957
ENST00000229239.10	182	+	1963	0.010924537402013379	0.3491838909208536
ENST00000368738.4	508	+	4215	0.003924335783513838	0.3243483775971654
ENST00000361789.2	989	+	3325	-0.0044020499008716185	0.27123779598249353
ENST00000274065.9	117	+	57	0.047697368421052655	0.2878289473684211
ENST00000361899.2	397	+	4088	0.009698076821364476	0.264766915794313
ENST00000253788.11	231	+	936	-0.005476428452440452	0.34127487538282136
ENST00000233143.6	312	+	3212	0.04437083564370836	0.38092018070920175
ENST00000370179.8	620	+	766	-0.009303317078332096	0.2916673149995177
ENST00000361624.2	655	+	8684	-0.014291861152462615	0.3797790690181794
ENST00000253788.11	232	+	936	0.02743980573815663	0.37251726700752186
ENST00000361390.2	846	+	2306	-0.02437310971764378	0.3251253916576634
ENST00000370321.8	620	+	1779	0.003691033160400148	0.3468070768268421
ENST00000230050.4	66	+	11	-0.005347593582887694	0.15508021390374327
ENST00000598742.6	478	+	2302	0.0022527821678972604	0.3459728595797121
ENST00000503064.5	605	+	543	0.012378221078824136	0.34607706690284396
ENST00000229239.10	181	+	1963	-0.01041511305152934	0.36382918066497755
ENST00000361624.2	1450	+	14707	-0.0041623523362992465	0.38407875628954863
ENST00000361390.2	111	+	1886	-0.005236483265935177	0.32524445139866376
ENST00000361390.2	239	+	2033	-0.015405827466524746	0.31839092528636226
ENST00000368738.4	360	+	4176	0.009257724657766336	0.3070819140461811
ENST00000233143.6	252	+	3206	-0.0031786948663620196	0.37098721834885584
ENST00000370321.8	601	+	1775	0.015061552108349018	0.35612924860993916
ENST00000321153.9	309	+	1106	-0.03231692766196642	0.365688088962895
ENST00000387347.2	1086	+	1118	-0.011191413237924858	0.3640954084675015
ENST00000314133.4	31	+	1453	0.012871651039623871	0.36757539268473266
ENST00000361739.1	433	+	19654	0.01220076065224282	0.26921907437714443
ENST00000647248.2	123	+	332	0.01024451789458719	0.39440061129473647
ENST00000233143.6	386	+	3203	-0.025712201196849582	0.3769537419243566
ENST00000361453.3	963	+	1997	0.003578371759319743	0.28647067239514734
ENST00000368738.4	412	+	4218	0.018129516609239116	0.3146642638527355
ENST00000222247.10	424	+	4828	-0.02542704914686178	0.3228179177591871
ENST00000368738.4	435	+	4231	0.027285270231415804	0.31633004542475807
ENST00000233143.6	294	+	3211	0.008344780179139755	0.37469324744276905
ENST00000233143.6	90	+	3076	0.014924824162577243	0.3724660585523589
ENST00000602676.6	705	+	255	0.02526395173453997	0.4152337858220211
ENST00000586895.5	87	+	140	-0.08045112781954888	0.34699248120300746
ENST00000362079.2	40	+	7269	0.0012563142401442393	0.308562421813679
ENST00000229239.10	190	+	1964	-0.011206909296475859	0.34441587003674157
ENST00000361624.2	1345	+	14923	-0.0051950687664006345	0.38324178615961857
ENST00000331817.6	1045	+	817	0.03750864673113456	0.33199200867457057
ENST00000229239.10	1156	+	1963	0.009006165002459127	0.3420130796241698
ENST00000451311.7	153	+	110	-0.02373999057936882	0.3652849740932642
ENST00000361390.2	467	+	2280	-0.030416318574213286	0.3266360345307713
ENST00000361390.2	818	+	2321	-0.001259171495842648	0.33338948068219476
ENST00000392219.7	105	+	129	-0.021139048599788324	0.28576332274950655
ENST00000361227.2	249	+	2967	-0.012475622784411389	0.2686167208024809
ENST00000361390.2	366	+	2187	0.01077271286448761	0.343916511003976
ENST00000361227.2	311	+	2954	-0.013867050257092686	0.2696018234192056
ENST00000233143.6	408	+	3198	-0.02592314028867171	0.38256041082945563
ENST00000233143.6	215	+	3188	0.0243173586292152	0.37413570204101415
ENST00000451311.7	106	+	110	0.03448922211808808	0.31537019681349576
ENST00000270625.7	418	+	56	-0.04987684729064035	0.37356321839080464
ENST00000248553.7	635	+	1204	-0.012528703341801894	0.341844586671878
ENST00000361390.2	545	+	2357	-0.02492470130519897	0.3176165343107573
ENST00000233143.6	178	+	3154	0.029138254338234783	0.3813213084864803
ENST00000388835.4	579	+	593	-0.0074344652171233205	0.36717686407870337
ENST00000649813.2	237	+	1057	-0.03757597750158759	0.33151721724705485
ENST00000361624.2	1065	+	13442	-0.0054094690453384275	0.3687792658487501
ENST00000586895.5	127	+	140	-0.014285714285714263	0.4248120300751879
ENST00000362079.2	537	+	10181	-0.006662823072620339	0.31271653436482916
ENST00000368738.4	340	+	4161	-0.004530528764777664	0.3143192856428664
ENST00000233143.6	77	+	3043	-0.0020271311286764737	0.3765792346341473
ENST00000327892.13	922	+	1165	0.007731881477594321	0.33519453867346366
ENST00000368738.4	90	+	3691	-0.017402505396951345	0.3302841029744308
ENST00000368738.4	76	+	3685	0.001404674723762822	0.31634680246733005
ENST00000602676.6	784	+	255	0.031975867269984914	0.3567496229260935
ENST00000270625.7	357	+	56	0.18313953488372092	0.30149501661129574
ENST00000430157.6	93	+	819	0.0113812678159676	0.3697492000637853
ENST00000222247.10	592	+	4787	0.0009350569180451851	0.31831546957347256
ENST00000361624.2	1511	+	14031	0.0025968137802053204	0.36707135369143457
ENST00000302182.8	667	+	1070	-0.030679891252981373	0.3351309578744294
ENST00000361624.2	994	+	13032	0.0078091353407011704	0.3773261145773154
ENST00000229239.10	911	+	1962	0.020255572386242038	0.34935900489360144
ENST00000451311.7	72	+	110	-0.0034676663542642927	0.33383317713214616
ENST00000368738.4	312	+	4132	0.01145266467607553	0.31264441172493496
ENST00000229239.10	159	+	1963	0.018938920707597617	0.3702027811996864
ENST00000361789.2	407	+	2536	-0.007905086183154018	0.28050814946394653
ENST00000361739.1	568	+	20026	-0.013726397330986073	0.2760497639969224
ENST00000314133.4	128	+	1663	-0.017760603193807678	0.35991695697013876
ENST00000321153.9	327	+	1106	-0.014511117336933	0.36250519997622865
ENST00000321153.9	336	+	1106	0.014685157357647995	0.36021933287488644
ENST00000361739.1	399	+	19199	4.124423741330707e-05	0.2655985392068061
ENST00000233143.6	276	+	3211	0.007751629760983564	0.377304954190687
ENST00000339276.6	941	+	530	-0.08076065963452683	0.4036844451047393
ENST00000361899.2	46	+	3328	0.025886174595956213	0.26904070407662783
ENST00000233143.6	293	+	3211	-0.012452262579187523	0.37210622539390914
ENST00000361899.2	291	+	3998	0.0018113510625938911	0.25008761008287805
ENST00000503064.5	637	+	540	0.01100495399858457	0.3471219627270583
ENST00000361789.2	969	+	3329	0.013808934520860017	0.2888262005564498
ENST00000368738.4	454	+	4238	0.010066556653979965	0.3285601795954557
ENST00000361381.2	834	+	5531	0.007959151187378555	0.32891852640846453
ENST00000389680.2	164	+	2951	-0.012374388197853414	0.33855625574495557
ENST00000361227.2	251	+	2968	0.004066648644207471	0.24102421900468318
ENST00000361789.2	959	+	3326	-0.003924306071221462	0.2892867368709382
ENST00000531188.6	812	+	3234	0.02007799812065809	0.32848444499277984
ENST00000370321.8	837	+	1902	-0.027209748252613353	0.354967189055146
ENST00000222247.10	502	+	4822	0.01198270470448809	0.3152090733254863
ENST00000598742.6	349	+	2315	-0.009662197321243987	0.35024057481342086
ENST00000274065.9	193	+	61	-0.08978562421185371	0.44237074401008825
ENST00000314133.4	28	+	1433	-0.009154358657679107	0.34947220898780396
ENST00000270625.7	504	+	56	-0.12992610837438423	0.40804597701149425
ENST00000361390.2	126	+	1920	-0.014465375676780079	0.31775414368168353
ENST00000598742.6	255	+	2318	-0.015202182154792437	0.3378024678295621
ENST00000361453.3	878	+	2015	-0.011531117862139867	0.2931792707342903
ENST00000361390.2	121	+	1906	0.014084131995224292	0.3407386475321339
ENST00000361789.2	307	+	2392	0.014390029009999333	0.26176915729297734
ENST00000229239.10	284	+	1964	0.0004695652051478483	0.3694999447363289
ENST00000229239.10	454	+	1964	-0.009239618809384953	0.3398116300884806
ENST00000225430.9	565	+	28	-0.008403361344537785	0.31302521008403367
ENST00000233143.6	36	+	2907	0.03231624305333612	0.34997373725886693
ENST00000387347.2	1314	+	261	0.019014479526159173	0.30906135021819114
ENST00000361624.2	1013	+	13129	-0.012435192629722425	0.39019752788131645
ENST00000361789.2	371	+	2482	-0.006270735568735503	0.28662837635935845
ENST00000274065.9	685	+	79	0.03496835443037974	0.4223101265822784
ENST00000361390.2	679	+	2350	-0.0032038639126475976	0.32822596911268476
ENST00000361624.2	601	+	8454	0.008862688766272275	0.3822188617190948
ENST00000361899.2	52	+	3344	0.0035929470139996478	0.27558139878315313
ENST00000229239.10	1191	+	1963	-0.025421066940471304	0.34382729898634234
ENST00000451311.7	323	+	109	-0.019549450021614873	0.26893702867572894
ENST00000225430.9	265	+	28	0.1	0.6
ENST00000302907.9	574	+	591	0.002432318104906961	0.36843324470228017
ENST00000361624.2	1533	+	12948	0.0011324425741049415	0.37126519105738914
ENST00000361789.2	874	+	3320	0.01345647775017944	0.27472765312747993
ENST00000361390.2	422	+	2220	0.009448412990647359	0.3265569384097995
ENST00000312175.7	669	+	429	-0.03119499548070981	0.3217853574996432
ENST00000361899.2	580	+	4121	0.012608879666484718	0.25067066976865493
ENST00000370321.8	323	+	1668	-0.004073058434214891	0.33959485252942395
ENST00000388835.4	304	+	594	0.008747497119590136	0.36117543094287274
ENST00000274065.9	689	+	79	0.012183544303797467	0.40838607594936716
ENST00000451311.7	127	+	110	0.05735707591377692	0.34629803186504216
ENST00000430157.6	142	+	819	-0.02766981985285133	0.35821196069051164
ENST00000370321.8	933	+	1902	0.008468489159388193	0.34778673187470877
ENST00000361390.2	843	+	2308	0.005778365740715552	0.3315490710608143
ENST00000370321.8	717	+	1839	0.007012470133787474	0.3586645441754933
ENST00000361390.2	600	+	2375	0.0012498334443704073	0.3401385742838109
ENST00000274065.9	376	+	65	0.1131717597471022	0.4029504741833509
ENST00000361789.2	968	+	3329	-0.01714510915472156	0.2870360100609425
ENST00000229239.10	1139	+	1963	-0.01064054613105847	0.3439462526516021
ENST00000602676.6	717	+	255	-0.04091251885369529	0.3182503770739065
ENST00000361381.2	854	+	5599	0.0028895602908858287	0.328150374798688
ENST00000388835.4	1301	+	604	0.017905723978712595	0.3961966594769188
ENST00000248553.7	463	+	1203	0.028444394665642636	0.3066261172610789
ENST00000361624.2	119	+	5863	-0.01755383870045757	0.369028781897347
ENST00000370321.8	417	+	1704	0.020449839586793805	0.3552896539170402
ENST00000361390.2	368	+	2188	0.030002014535805227	0.3338583183499093
ENST00000337554.8	705	+	382	-0.01128308681939777	0.36329145545574726
ENST00000361789.2	198	+	2234	0.020565244748400824	0.26262852757631916
ENST00000361390.2	547	+	2357	-0.01722595519931272	0.3226235024267857
ENST00000229239.10	797	+	1962	-0.006636473621648709	0.3537831250507038
ENST00000222247.10	381	+	4827	0.02278651720596675	0.3384852281301036
ENST00000451311.7	331	+	109	0.00408280897257314	0.34089053268648833
ENST00000317881.9	1130	+	1104	0.004607084048628363	0.3951173083885133
ENST00000388835.4	767	+	593	0.07025205470242529	0.36070882331520004
ENST00000270625.7	112	+	51	-0.0823529411764706	0.2588235294117647
ENST00000274065.9	314	+	65	-0.056269757639620666	0.33108535300316116
ENST00000274065.9	178	+	61	-0.08827238335435061	0.31525851197982346
ENST00000361739.1	440	+	19692	0.00971215778928547	0.2712640660867547
ENST00000602676.6	790	+	255	0.03582202111613875	0.34396681749622926
ENST00000389680.2	46	+	2694	0.009757620612816847	0.3387186556521669
ENST00000229239.10	796	+	1962	-0.010438116603000258	0.3388714291257067
ENST00000361624.2	1064	+	13439	0.0035095871325101224	0.3754060250281675
ENST00000321153.9	362	+	1104	0.011112635842971057	0.3436178270230709
ENST00000233143.6	106	+	3102	0.013284285939682228	0.37351577093815314
ENST00000491306.6	270	+	82	0.05111572392319669	0.415412558380903
ENST00000368738.4	221	+	3944	0.009143716180529449	0.3301187679767431
ENST00000361739.1	187	+	16949	-0.0030186936328892022	0.2651372105025712
ENST00000339276.6	940	+	530	0.0012776704798692622	0.3961669885603923
ENST00000361739.1	592	+	20014	0.006337923321993899	0.27363661327130884
ENST00000468812.6	723	+	154	0.0017088174982911875	0.30738209159261787
ENST00000222247.10	349	+	4827	-0.003515381467171008	0.31806102767605093
ENST00000361390.2	195	+	1986	0.018501891913254964	0.33461311263928395
ENST00000222247.10	404	+	4827	0.009590426437034394	0.3136110985213034
ENST00000451311.7	87	+	110	-0.007029053420805995	0.4047797563261481
ENST00000274065.9	526	+	68	-0.032591414944356106	0.48728139904610496
ENST00000361624.2	987	+	13017	-0.01245317635940435	0.3695008073195839
ENST00000362079.2	164	+	7978	-0.0034070130949158117	0.2927546120697696
ENST00000361390.2	321	+	2109	-0.03387229965726979	0.3206852332261406
ENST00000362079.2	65	+	7501	-0.022541152398020015	0.30741750609994467
ENST00000361624.2	473	+	7209	-0.0018127875780585556	0.3848322382273777
ENST00000361789.2	619	+	2968	-0.017947307989520045	0.29377214483509684
ENST00000598742.6	477	+	2305	-0.024967413941542338	0.3441995613507703
ENST00000229239.10	492	+	1964	0.00412543345925126	0.3590993343530718
ENST00000430157.6	107	+	819	0.006238862292246461	0.33989694237549334
ENST00000362079.2	181	+	8099	0.013771185480795256	0.3122786570649396
ENST00000361789.2	610	+	2944	-0.001305828539469478	0.2824609499840205
ENST00000361739.1	301	+	18236	-0.0023276647698308173	0.27368663283914074
ENST00000361227.2	145	+	2912	0.007361834465563266	0.24779757026733706
ENST00000230050.4	160	+	19	0.08	0.6294736842105263
ENST00000387347.2	1300	+	294	-0.0056689342403628	0.30612244897959184
ENST00000361624.2	1454	+	14698	-0.019646423984040318	0.3713297188203395
ENST00000362079.2	53	+	7398	0.011357152004097815	0.3053640101876751
ENST00000274065.9	261	+	63	-0.0021008403361344463	0.41316526610644255
ENST00000361739.1	408	+	19236	0.004282426851356214	0.27134497902708743
ENST00000222247.10	87	+	4805	0.004229649787813594	0.32077987727625945
ENST00000233143.6	168	+	3146	-0.007006282933816027	0.3595904258466636
ENST00000370179.8	619	+	766	0.010179344426567732	0.31800415140491134
ENST00000370321.8	967	+	1898	0.005780327235641515	0.31395941121528054
ENST00000361624.2	1075	+	13442	0.0015251998571835096	0.37523835746111245
ENST00000361624.2	1214	+	13857	0.0015915971178809274	0.3822164548719425
ENST00000361624.2	1145	+	13624	0.007272753272962423	0.3707482302980578
ENST00000503064.5	556	+	544	0.0108168585096046	0.3853123364974961
ENST00000361899.2	282	+	3981	0.012081534563643359	0.2520743855276222
ENST00000370321.8	416	+	1704	0.01717883055911229	0.3395497225778916
ENST00000387347.2	1340	+	148	-0.018709142355351704	0.2628549126744073
ENST00000314133.4	466	+	1668	0.012193370303756987	0.37474707733812945
ENST00000274065.9	780	+	79	-0.0007534659433393615	0.4365581675708258
ENST00000362079.2	61	+	7485	-0.00252119559685568	0.30188500787308725
ENST00000361390.2	170	+	1945	0.009163217619591893	0.35540645443161917
ENST00000361381.2	930	+	5833	3.12843737056423e-05	0.3442608270062083
ENST00000233143.6	155	+	3143	0.026133818072894166	0.38795823986929673
ENST00000311672.10	454	+	394	0.053311873220255046	0.40235235854896617
ENST00000229239.10	1035	+	1962	9.559875985698518e-05	0.354161715073442
ENST00000361789.2	960	+	3327	0.004509592991842504	0.2939926594945427
ENST00000619426.5	187	+	369	0.006943785391161292	0.3319572300781374
ENST00000229239.10	1138	+	1963	0.006643280657623707	0.3583987710467483
ENST00000370321.8	180	+	1357	-0.005679189107922117	0.33521510108886504
ENST00000215754.8	284	+	2286	-0.0016346640880416374	0.3505856410805792
ENST00000270625.7	215	+	53	0.11897891231964486	0.2834628190899001
ENST00000531188.6	813	+	3233	0.023842728885971876	0.32267839598298165
ENST00000225430.9	266	+	28	-0.0714285714285714	0.4785714285714286
ENST00000531188.6	755	+	3244	-0.0081880834948036	0.3186460718689448
ENST00000215754.8	536	+	2258	0.009719712197416519	0.3432352000834547
ENST00000370321.8	663	+	1812	0.014014183657506389	0.37721154061040385
ENST00000387347.2	747	+	2022	0.018478459995508123	0.36131400082179393
ENST00000248553.7	716	+	1202	0.0006839599132014984	0.340197980324651
ENST00000270625.7	524	+	56	0.1229474548440066	0.3058292282430213
ENST00000321153.9	227	+	1106	0.009090350194717517	0.36256145208168594
ENST00000361899.2	610	+	4113	0.0020645099634740566	0.2691180237963734
ENST00000362079.2	578	+	10219	0.005671205086298481	0.3049880249213669
ENST00000361624.2	827	+	11446	0.0039131980320096516	0.38191778698307327
ENST00000370321.8	268	+	1595	-0.021871493754207494	0.3489619812456225
ENST00000222247.10	391	+	4827	0.0027444487375082316	0.3160237340871601
ENST00000222247.10	207	+	4824	-0.021981381989354287	0.32818541706368
ENST00000361624.2	997	+	13050	0.012988006769185434	0.3754281667691404
ENST00000451311.7	455	+	107	-0.021855529595015577	0.297702492211838
ENST00000321153.9	257	+	1106	-0.00143520687542531	0.32180539273153574
ENST00000270625.7	67	+	51	0.0007002801120448154	0.24929971988795518
ENST00000260379.11	447	+	39	-0.050061050061050105	0.3284493284493285
ENST00000302182.8	832	+	1062	-0.00023315221798717034	0.30727772821885224
ENST00000361390.2	842	+	2308	0.008027595623962103	0.3612282207722356
ENST00000317881.9	974	+	1018	-0.013705196497410865	0.3483685415105422
ENST00000229239.10	191	+	1964	-0.017220265504979737	0.3386559523197718
ENST00000586895.5	179	+	140	0.05977443609022559	0.5101503759398496
ENST00000215754.8	482	+	2279	0.004850956838208853	0.32359245567254613
ENST00000255688.8	401	+	268	0.013985952589991246	0.20273924495171203
ENST00000361381.2	1001	+	5922	-0.004464121864296733	0.3214513176623348
ENST00000248553.7	465	+	1203	-0.025502619863418063	0.3386625858208131
ENST00000311528.9	409	+	309	0.02529500320018746	0.2881115287881657
ENST00000361453.3	781	+	2024	0.006406120626178208	0.32381888861617303
ENST00000368738.4	261	+	4044	0.006955726823941133	0.30917822504486847
ENST00000331817.6	1320	+	966	-0.04627632388229075	0.33845734036747316
ENST00000314133.4	448	+	1677	0.027758362866236203	0.3514702818429353
ENST00000361381.2	856	+	5600	-0.0011272070195855743	0.33460999111832535
ENST00000215754.8	251	+	2287	-0.013177972728686038	0.335373030302034
ENST00000215754.8	451	+	2284	0.013297001052676283	0.3419158708654132
ENST00000361624.2	990	+	13025	0.009653567526289625	0.3833024638617305
ENST00000229239.10	487	+	1964	-0.0031578087455245707	0.35340344739192037
ENST00000370321.8	778	+	1900	0.007447227694905689	0.35580448447321517
ENST00000361390.2	105	+	1878	0.0003882987344742128	0.3511130401752466
ENST00000361390.2	108	+	1882	-0.0005267263248900922	0.2994285597287839
ENST00000358666.7	216	+	329	0.012716332733701319	0.39817629179331304
ENST00000368738.4	391	+	4201	-0.014716321041144953	0.32671440270937413
ENST00000361789.2	961	+	3328	0.0037665501746012575	0.26619577235060377
ENST00000314133.4	351	+	1699	-0.0027611178578612616	0.3800401328157789
ENST00000233143.6	310	+	3212	0.016741032460050487	0.35726204885883545
ENST00000274065.9	637	+	74	0.01282051282051282	0.30388080388080385
ENST00000229239.10	495	+	1964	-0.009174124560202612	0.3539921913953233
ENST00000451311.7	453	+	107	0.0037480529595015355	0.41291861370716504
ENST00000451311.7	593	+	105	-0.09972575417601603	0.38244826726502124
ENST00000302182.8	225	+	1071	0.021727789573717904	0.34548647454236736
ENST00000233143.6	29	+	2874	-0.03085533311075439	0.369112889060516
ENST00000370321.8	769	+	1893	0.007481255767238237	0.3502326166654197
ENST00000230050.4	331	+	39	0.17001114827201785	0.5953177257525084
ENST00000361381.2	911	+	5793	0.00734191565339079	0.3326729891413648
ENST00000361624.2	1294	+	14784	-0.0023291680205061727	0.3691891568123562
ENST00000586895.5	123	+	140	0.009398496240601503	0.281203007518797
ENST00000270625.7	63	+	51	0.10014005602240897	0.3907563025210084
ENST00000368738.4	512	+	4207	0.003155000706853095	0.3379696089263238
ENST00000302182.8	819	+	1065	-0.010504308977996285	0.352654279933436
ENST00000361381.2	283	+	2927	0.005934557745591318	0.32261856664171473
ENST00000230050.4	418	+	39	0.055100927441352976	0.31314784506273874
ENST00000370321.8	813	+	1899	-0.004180641091708848	0.3548290262536151
ENST00000361390.2	633	+	2373	0.0160742361721653	0.31427598126982703
ENST00000230050.4	220	+	40	-0.1079787234042553	0.423404255319149
ENST00000229239.10	877	+	1962	-0.010131248037981155	0.355835969933935
ENST00000215754.8	19	+	938	0.02034503778592324	0.3199997870465755
ENST00000225430.9	530	+	28	0.07983193277310918	0.40126050420168063
ENST00000451311.7	345	+	109	0.01532254190883331	0.3121187376915318
ENST00000215754.8	350	+	2287	0.00947759592723052	0.3373468392334442
ENST00000451311.7	501	+	106	-0.00953223270440251	0.07832154088050315
ENST00000229239.10	345	+	1964	-0.004852021951449514	0.3659069892480685
ENST00000230050.4	349	+	39	-0.0841694537346711	0.2519509476031215
ENST00000215754.8	37	+	2188	-0.0016020127687912389	0.32180208116384734
ENST00000370321.8	489	+	1736	0.03435990656259705	0.3603711157813667
ENST00000361624.2	1343	+	14926	-0.015722484397410197	0.3691387864012138
ENST00000361624.2	557	+	8263	0.004879703213641617	0.373296596773198
ENST00000368738.4	390	+	4200	-0.011526524673435068	0.3387269001175698
ENST00000233143.6	311	+	3212	0.03769560119179244	0.37849048835558247
ENST00000368738.4	506	+	4217	0.002034063879514547	0.3142287455744217
ENST00000302182.8	927	+	976	0.011792779637169848	0.31780681745507255
ENST00000651669.1	137	+	1589	-0.0021223304427291367	0.35985961391022075
ENST00000361390.2	319	+	2108	-0.02630227963920878	0.3080171861055514
ENST00000311111.11	247	+	2238	-0.020950834139847774	0.3922971384497866
ENST00000362079.2	137	+	7914	-0.005180344827945771	0.317177316796156
ENST00000229239.10	549	+	1962	0.007399150844233593	0.33613738921121245
ENST00000222247.10	474	+	4828	0.004339153331346546	0.33333644477602997
ENST00000598742.6	257	+	2318	-0.015126267916056868	0.35887009247065976
ENST00000222247.10	35	+	4657	-0.001647217250073163	0.31735936602266857
ENST00000361624.2	1344	+	14926	0.006082468991809531	0.3735031423639759
ENST00000253788.11	228	+	936	-0.005063173541434485	0.33872486833506327
ENST00000368738.4	139	+	3759	-0.008032047039292112	0.30833344503378
ENST00000368738.4	556	+	3206	-0.012141674563755256	0.3183201344806731
ENST00000531188.6	512	+	3240	0.009666333595819615	0.33031220428933494
ENST00000361381.2	1254	+	5857	0.0035687176147390226	0.32029071200927384
ENST00000229239.10	490	+	1964	-0.017070054902491028	0.3364679021839867
ENST00000361789.2	805	+	3284	0.0066951246046310225	0.2913709342846209
ENST00000361624.2	1292	+	14758	0.005690841783302147	0.37586127069463293
ENST00000361789.2	636	+	2998	-0.0021500933620738766	0.293900183874677
ENST00000368738.4	149	+	3765	0.004341718999367472	0.31538302643648697
ENST00000248553.7	431	+	1203	-0.00590450241643066	0.3321611187430141
ENST00000321153.9	201	+	1106	0.000949738080045115	0.3219548492820786
ENST00000602676.6	523	+	255	0.01557315233785822	0.4116515837104073
ENST00000222247.10	64	+	4802	-0.0055305109965979316	0.31733169770105674
ENST00000361899.2	353	+	4042	-0.003964579177968497	0.26816009491085324
ENST00000290541.7	543	+	495	0.0038440946568154555	0.38622621979512445
ENST00000361381.2	1205	+	5929	0.009441376703375082	0.34384689267602675
ENST00000229239.10	205	+	1963	-0.004565449407188893	0.34343512605039056
ENST00000361899.2	442	+	4117	-0.004491329119332282	0.25602534003586497
ENST00000270625.7	135	+	51	-0.10196078431372557	0.207843137254902
ENST00000301821.11	804	+	619	-0.022182946792532188	0.307425357506133
ENST00000451311.7	139	+	110	-0.0011246485473289658	0.3429240862230553
ENST00000361739.1	307	+	18306	-0.008663158630372703	0.26824276185776197
ENST00000361739.1	416	+	19247	0.007078081747819431	0.2738294108001972
ENST00000361390.2	508	+	2334	0.010949252594496861	0.3466271541464344
ENST00000361624.2	1452	+	14701	0.014700796776547953	0.36868615264105437
ENST00000274065.9	371	+	65	0.03435194942044256	0.2524762908324552
ENST00000233143.6	67	+	3034	0.02531185967897491	0.3909361797818484
ENST00000260379.11	87	+	35	0.017330210772833726	0.37096018735363
ENST00000368738.4	417	+	4221	0.009637877155727503	0.33024344795592875
ENST00000370321.8	628	+	1780	-0.014351047444989273	0.3471315923823743
ENST00000387347.2	1406	+	54	-0.015250544662309365	0.28322440087145967
ENST00000229239.10	664	+	1963	-0.006892128820704668	0.38077186693885345
ENST00000302907.9	570	+	591	0.020974337281443822	0.3018592377729433
ENST00000361227.2	233	+	2965	-0.0027467666612115416	0.2785194356095375
ENST00000598742.6	436	+	2313	-0.004057820097476239	0.3403243208754959
ENST00000451311.7	454	+	107	-0.02813473520249221	0.2944898753894081
ENST00000370321.8	748	+	1868	0.008730833102041036	0.3713722638376126
ENST00000651669.1	16	+	1363	-0.007607569236523309	0.32079631167910094
ENST00000361381.2	572	+	4091	-0.010213693229432996	0.33854216372575874
ENST00000230050.4	241	+	39	-0.10981047937569677	0.38015607580824967
ENST00000387347.2	766	+	2009	0.012868426599873528	0.36902568335727665
ENST00000361899.2	376	+	4075	0.00044661706387927325	0.25281146951937095
ENST00000388835.4	460	+	594	-0.003151313467453235	0.4277718953259719
ENST00000361899.2	503	+	4136	-0.010180043987595533	0.25594433692053786
ENST00000451311.7	394	+	109	0.03304673615447429	0.28065709207935063
